createTables, Sun May 28 18:58:29 EEST 2023
addUser, Sun May 28 18:58:30 EEST 2023
addUser, Sun May 28 18:58:30 EEST 2023
addDriver, Sun May 28 18:58:30 EEST 2023
addDriver, Sun May 28 18:58:30 EEST 2023
addRestaurant, Sun May 28 18:58:30 EEST 2023
addRestaurant, Sun May 28 18:58:30 EEST 2023
getUsers, Sun May 28 18:58:30 EEST 2023
createTables, Sun May 28 19:06:06 EEST 2023
createTables, Sun May 28 19:09:18 EEST 2023
createTables, Sun May 28 19:13:16 EEST 2023
createTables, Sun May 28 19:16:35 EEST 2023
addUser, Sun May 28 19:16:35 EEST 2023
dropTables, Sun May 28 19:25:45 EEST 2023
createTables, Sun May 28 19:25:45 EEST 2023
addUser, Sun May 28 19:25:45 EEST 2023
addUser, Sun May 28 19:25:45 EEST 2023
addDriver, Sun May 28 19:25:45 EEST 2023
addDriver, Sun May 28 19:25:45 EEST 2023
addRestaurant, Sun May 28 19:25:45 EEST 2023
addRestaurant, Sun May 28 19:25:45 EEST 2023
getUsers, Sun May 28 19:25:45 EEST 2023
addOrder, Sun May 28 19:25:45 EEST 2023
dropTables, Sun May 28 20:17:10 EEST 2023
createTables, Sun May 28 20:17:10 EEST 2023
addUser, Sun May 28 20:17:10 EEST 2023
addUser, Sun May 28 20:17:10 EEST 2023
addDriver, Sun May 28 20:17:10 EEST 2023
addDriver, Sun May 28 20:17:10 EEST 2023
addRestaurant, Sun May 28 20:17:10 EEST 2023
addRestaurant, Sun May 28 20:17:10 EEST 2023
getUsers, Sun May 28 20:17:10 EEST 2023
addOrder, Sun May 28 20:17:11 EEST 2023
dropTables, Sun May 28 20:18:13 EEST 2023
createTables, Sun May 28 20:18:13 EEST 2023
addUser, Sun May 28 20:18:13 EEST 2023
addUser, Sun May 28 20:18:13 EEST 2023
addDriver, Sun May 28 20:18:13 EEST 2023
addDriver, Sun May 28 20:18:13 EEST 2023
addRestaurant, Sun May 28 20:18:13 EEST 2023
addRestaurant, Sun May 28 20:18:13 EEST 2023
getUsers, Sun May 28 20:18:13 EEST 2023
addOrder, Sun May 28 20:18:13 EEST 2023
dropTables, Sun May 28 20:19:58 EEST 2023
createTables, Sun May 28 20:19:58 EEST 2023
addUser, Sun May 28 20:19:58 EEST 2023
addUser, Sun May 28 20:19:58 EEST 2023
addDriver, Sun May 28 20:19:58 EEST 2023
addDriver, Sun May 28 20:19:58 EEST 2023
addRestaurant, Sun May 28 20:19:58 EEST 2023
addRestaurant, Sun May 28 20:19:58 EEST 2023
getUsers, Sun May 28 20:19:58 EEST 2023
addOrder, Sun May 28 20:19:58 EEST 2023
getUsers, Sun May 28 20:19:58 EEST 2023
dropTables, Sun May 28 20:22:37 EEST 2023
createTables, Sun May 28 20:22:37 EEST 2023
addUser, Sun May 28 20:22:38 EEST 2023
addUser, Sun May 28 20:22:38 EEST 2023
addDriver, Sun May 28 20:22:38 EEST 2023
addDriver, Sun May 28 20:22:38 EEST 2023
addRestaurant, Sun May 28 20:22:38 EEST 2023
addRestaurant, Sun May 28 20:22:38 EEST 2023
getUsers, Sun May 28 20:22:38 EEST 2023
dropTables, Sun May 28 20:24:37 EEST 2023
createTables, Sun May 28 20:24:37 EEST 2023
addUser, Sun May 28 20:24:38 EEST 2023
addUser, Sun May 28 20:24:38 EEST 2023
addDriver, Sun May 28 20:24:38 EEST 2023
addDriver, Sun May 28 20:24:38 EEST 2023
addRestaurant, Sun May 28 20:24:38 EEST 2023
addRestaurant, Sun May 28 20:24:38 EEST 2023
getUsers, Sun May 28 20:24:38 EEST 2023
addOrder, Sun May 28 20:24:38 EEST 2023
getUsers, Sun May 28 20:24:38 EEST 2023
addOrder, Sun May 28 20:24:38 EEST 2023
getOrders, Sun May 28 20:24:38 EEST 2023
dropTables, Sun May 28 20:28:46 EEST 2023
createTables, Sun May 28 20:28:46 EEST 2023
addUser, Sun May 28 20:28:47 EEST 2023
addUser, Sun May 28 20:28:47 EEST 2023
addDriver, Sun May 28 20:28:47 EEST 2023
addDriver, Sun May 28 20:28:47 EEST 2023
addRestaurant, Sun May 28 20:28:47 EEST 2023
addRestaurant, Sun May 28 20:28:47 EEST 2023
getUsers, Sun May 28 20:28:47 EEST 2023
addOrder, Sun May 28 20:28:47 EEST 2023
getUsers, Sun May 28 20:28:47 EEST 2023
addOrder, Sun May 28 20:28:47 EEST 2023
getOrders, Sun May 28 20:28:47 EEST 2023
dropTables, Sun May 28 20:52:27 EEST 2023
createTables, Sun May 28 20:52:27 EEST 2023
addUser, Sun May 28 20:52:28 EEST 2023
addUser, Sun May 28 20:52:28 EEST 2023
addDriver, Sun May 28 20:52:28 EEST 2023
addDriver, Sun May 28 20:52:28 EEST 2023
addFood, Sun May 28 20:52:28 EEST 2023
addDrink, Sun May 28 20:52:28 EEST 2023
addRestaurant, Sun May 28 20:52:28 EEST 2023
addRestaurant, Sun May 28 20:52:28 EEST 2023
getUsers, Sun May 28 20:52:28 EEST 2023
addOrder, Sun May 28 20:52:28 EEST 2023
getUsers, Sun May 28 20:52:28 EEST 2023
addOrder, Sun May 28 20:52:28 EEST 2023
getOrders, Sun May 28 20:52:28 EEST 2023
dropTables, Sun May 28 20:53:13 EEST 2023
createTables, Sun May 28 20:53:13 EEST 2023
addUser, Sun May 28 20:53:13 EEST 2023
addUser, Sun May 28 20:53:13 EEST 2023
addDriver, Sun May 28 20:53:13 EEST 2023
addDriver, Sun May 28 20:53:13 EEST 2023
addFood, Sun May 28 20:53:13 EEST 2023
addDrink, Sun May 28 20:53:13 EEST 2023
addRestaurant, Sun May 28 20:53:13 EEST 2023
addRestaurant, Sun May 28 20:53:13 EEST 2023
getUsers, Sun May 28 20:53:13 EEST 2023
addOrder, Sun May 28 20:53:13 EEST 2023
getUsers, Sun May 28 20:53:13 EEST 2023
addOrder, Sun May 28 20:53:13 EEST 2023
getOrders, Sun May 28 20:53:13 EEST 2023
dropTables, Sun May 28 20:53:55 EEST 2023
createTables, Sun May 28 20:53:55 EEST 2023
addUser, Sun May 28 20:53:55 EEST 2023
addUser, Sun May 28 20:53:55 EEST 2023
addDriver, Sun May 28 20:53:55 EEST 2023
addDriver, Sun May 28 20:53:55 EEST 2023
addFood, Sun May 28 20:53:55 EEST 2023
addDrink, Sun May 28 20:53:55 EEST 2023
addFood, Sun May 28 20:53:55 EEST 2023
addDrink, Sun May 28 20:53:55 EEST 2023
addRestaurant, Sun May 28 20:53:55 EEST 2023
addRestaurant, Sun May 28 20:53:55 EEST 2023
getUsers, Sun May 28 20:53:55 EEST 2023
addOrder, Sun May 28 20:53:55 EEST 2023
getUsers, Sun May 28 20:53:55 EEST 2023
addOrder, Sun May 28 20:53:55 EEST 2023
getOrders, Sun May 28 20:53:55 EEST 2023
dropTables, Sun May 28 20:56:33 EEST 2023
createTables, Sun May 28 20:56:33 EEST 2023
addUser, Sun May 28 20:56:33 EEST 2023
addUser, Sun May 28 20:56:33 EEST 2023
addDriver, Sun May 28 20:56:33 EEST 2023
addDriver, Sun May 28 20:56:33 EEST 2023
addFood, Sun May 28 20:56:33 EEST 2023
addDrink, Sun May 28 20:56:33 EEST 2023
addFood, Sun May 28 20:56:33 EEST 2023
addDrink, Sun May 28 20:56:33 EEST 2023
addRestaurant, Sun May 28 20:56:33 EEST 2023
addRestaurant, Sun May 28 20:56:33 EEST 2023
getUsers, Sun May 28 20:56:33 EEST 2023
addOrder, Sun May 28 20:56:33 EEST 2023
getUsers, Sun May 28 20:56:33 EEST 2023
addOrder, Sun May 28 20:56:33 EEST 2023
getOrders, Sun May 28 20:56:33 EEST 2023
getDrivers, Sun May 28 20:56:33 EEST 2023
dropTables, Sun May 28 20:57:07 EEST 2023
createTables, Sun May 28 20:57:07 EEST 2023
addUser, Sun May 28 20:57:07 EEST 2023
addUser, Sun May 28 20:57:07 EEST 2023
addDriver, Sun May 28 20:57:07 EEST 2023
addDriver, Sun May 28 20:57:07 EEST 2023
addFood, Sun May 28 20:57:07 EEST 2023
addDrink, Sun May 28 20:57:07 EEST 2023
addFood, Sun May 28 20:57:07 EEST 2023
addDrink, Sun May 28 20:57:07 EEST 2023
addRestaurant, Sun May 28 20:57:07 EEST 2023
addRestaurant, Sun May 28 20:57:07 EEST 2023
getUsers, Sun May 28 20:57:07 EEST 2023
addOrder, Sun May 28 20:57:07 EEST 2023
getUsers, Sun May 28 20:57:07 EEST 2023
addOrder, Sun May 28 20:57:07 EEST 2023
getOrders, Sun May 28 20:57:07 EEST 2023
getDrivers, Sun May 28 20:57:07 EEST 2023
addDelivery, Sun May 28 20:57:07 EEST 2023
dropTables, Sun May 28 21:00:49 EEST 2023
createTables, Sun May 28 21:00:49 EEST 2023
addUser, Sun May 28 21:00:49 EEST 2023
addUser, Sun May 28 21:00:49 EEST 2023
addDriver, Sun May 28 21:00:49 EEST 2023
addDriver, Sun May 28 21:00:49 EEST 2023
addFood, Sun May 28 21:00:49 EEST 2023
addDrink, Sun May 28 21:00:49 EEST 2023
addFood, Sun May 28 21:00:49 EEST 2023
addDrink, Sun May 28 21:00:49 EEST 2023
addRestaurant, Sun May 28 21:00:49 EEST 2023
addRestaurant, Sun May 28 21:00:49 EEST 2023
getUsers, Sun May 28 21:00:49 EEST 2023
addOrder, Sun May 28 21:00:49 EEST 2023
getUsers, Sun May 28 21:00:49 EEST 2023
addOrder, Sun May 28 21:00:49 EEST 2023
getOrders, Sun May 28 21:00:49 EEST 2023
getDrivers, Sun May 28 21:00:49 EEST 2023
addDelivery, Sun May 28 21:00:49 EEST 2023
getOrders, Sun May 28 21:00:49 EEST 2023
getDrivers, Sun May 28 21:00:49 EEST 2023
addDelivery, Sun May 28 21:00:49 EEST 2023
printUsers, Sun May 28 21:00:49 EEST 2023
printDrivers, Sun May 28 21:00:49 EEST 2023
printRestaurants, Sun May 28 21:00:49 EEST 2023
printOrders, Sun May 28 21:00:49 EEST 2023
printDeliveries, Sun May 28 21:00:49 EEST 2023
printDeliveredOrders, Sun May 28 21:00:49 EEST 2023
timeDiff, Sun May 28 21:00:49 EEST 2023
orderCalories, Sun May 28 21:00:49 EEST 2023
orderPrice, Sun May 28 21:00:49 EEST 2023
mostReviews, Sun May 28 21:00:49 EEST 2023
getDeliveries, Sun May 28 21:00:49 EEST 2023
removeDelivery, Sun May 28 21:00:49 EEST 2023
getOrders, Sun May 28 21:00:49 EEST 2023
removeOrder, Sun May 28 21:00:49 EEST 2023
getRestaurants, Sun May 28 21:00:49 EEST 2023
removeRestaurant, Sun May 28 21:00:49 EEST 2023
getDrivers, Sun May 28 21:00:49 EEST 2023
removeDriver, Sun May 28 21:00:49 EEST 2023
getUsers, Sun May 28 21:00:49 EEST 2023
removeUser, Sun May 28 21:00:49 EEST 2023
dropTables, Sun May 28 21:00:49 EEST 2023
dropTables, Sun May 28 21:04:44 EEST 2023
dropTables, Sun May 28 21:05:38 EEST 2023
dropTables, Sun May 28 21:07:10 EEST 2023
createTables, Sun May 28 21:07:10 EEST 2023
addUser, Sun May 28 21:07:11 EEST 2023
addUser, Sun May 28 21:07:11 EEST 2023
addDriver, Sun May 28 21:07:11 EEST 2023
addDriver, Sun May 28 21:07:11 EEST 2023
addFood, Sun May 28 21:07:11 EEST 2023
addDrink, Sun May 28 21:07:11 EEST 2023
addFood, Sun May 28 21:07:11 EEST 2023
addDrink, Sun May 28 21:07:11 EEST 2023
addRestaurant, Sun May 28 21:07:11 EEST 2023
addRestaurant, Sun May 28 21:07:11 EEST 2023
getUsers, Sun May 28 21:07:11 EEST 2023
addOrder, Sun May 28 21:07:11 EEST 2023
getUsers, Sun May 28 21:07:11 EEST 2023
addOrder, Sun May 28 21:07:11 EEST 2023
getOrders, Sun May 28 21:07:11 EEST 2023
getDrivers, Sun May 28 21:07:11 EEST 2023
addDelivery, Sun May 28 21:07:11 EEST 2023
getOrders, Sun May 28 21:07:11 EEST 2023
getDrivers, Sun May 28 21:07:11 EEST 2023
addDelivery, Sun May 28 21:07:11 EEST 2023
getUsers, Sun May 28 21:07:11 EEST 2023
getDrivers, Sun May 28 21:07:11 EEST 2023
getRestaurants, Sun May 28 21:07:11 EEST 2023
getOrders, Sun May 28 21:07:11 EEST 2023
getDeliveries, Sun May 28 21:07:11 EEST 2023
printUsers, Sun May 28 21:07:11 EEST 2023
printDrivers, Sun May 28 21:07:11 EEST 2023
printRestaurants, Sun May 28 21:07:11 EEST 2023
printOrders, Sun May 28 21:07:11 EEST 2023
printDeliveries, Sun May 28 21:07:11 EEST 2023
printDeliveredOrders, Sun May 28 21:07:11 EEST 2023
timeDiff, Sun May 28 21:07:11 EEST 2023
orderCalories, Sun May 28 21:07:11 EEST 2023
orderPrice, Sun May 28 21:07:11 EEST 2023
mostReviews, Sun May 28 21:07:11 EEST 2023
getDeliveries, Sun May 28 21:07:11 EEST 2023
removeDelivery, Sun May 28 21:07:11 EEST 2023
getOrders, Sun May 28 21:07:11 EEST 2023
removeOrder, Sun May 28 21:07:11 EEST 2023
getRestaurants, Sun May 28 21:07:11 EEST 2023
removeRestaurant, Sun May 28 21:07:11 EEST 2023
getDrivers, Sun May 28 21:07:11 EEST 2023
removeDriver, Sun May 28 21:07:11 EEST 2023
getUsers, Sun May 28 21:07:11 EEST 2023
removeUser, Sun May 28 21:07:11 EEST 2023
dropTables, Sun May 28 21:07:11 EEST 2023
dropTables, Sun May 28 21:27:25 EEST 2023
createTables, Sun May 28 21:27:25 EEST 2023
addUser, Sun May 28 21:27:25 EEST 2023
addUser, Sun May 28 21:27:25 EEST 2023
addDriver, Sun May 28 21:27:25 EEST 2023
addDriver, Sun May 28 21:27:25 EEST 2023
addFood, Sun May 28 21:27:25 EEST 2023
addDrink, Sun May 28 21:27:25 EEST 2023
addFood, Sun May 28 21:27:25 EEST 2023
addDrink, Sun May 28 21:27:25 EEST 2023
addRestaurant, Sun May 28 21:27:25 EEST 2023
addRestaurant, Sun May 28 21:27:25 EEST 2023
getUsers, Sun May 28 21:27:25 EEST 2023
addOrder, Sun May 28 21:27:25 EEST 2023
getUsers, Sun May 28 21:27:25 EEST 2023
addOrder, Sun May 28 21:27:25 EEST 2023
getOrders, Sun May 28 21:27:25 EEST 2023
getDrivers, Sun May 28 21:27:25 EEST 2023
addDelivery, Sun May 28 21:27:25 EEST 2023
getOrders, Sun May 28 21:27:25 EEST 2023
getDrivers, Sun May 28 21:27:25 EEST 2023
addDelivery, Sun May 28 21:27:25 EEST 2023
getUsers, Sun May 28 21:27:25 EEST 2023
getDrivers, Sun May 28 21:27:25 EEST 2023
getRestaurants, Sun May 28 21:27:25 EEST 2023
getOrders, Sun May 28 21:27:25 EEST 2023
getDeliveries, Sun May 28 21:27:25 EEST 2023
getUsers, Sun May 28 21:27:25 EEST 2023
updateUserPhoneNumber, Sun May 28 21:27:25 EEST 2023
getDrivers, Sun May 28 21:27:25 EEST 2023
updateYearsOfExperience, Sun May 28 21:27:25 EEST 2023
getRestaurants, Sun May 28 21:27:25 EEST 2023
updateRestaurantName, Sun May 28 21:27:25 EEST 2023
getOrders, Sun May 28 21:27:25 EEST 2023
updateOrderLocation, Sun May 28 21:27:25 EEST 2023
getOrders, Sun May 28 21:27:25 EEST 2023
dropTables, Sun May 28 21:30:24 EEST 2023
createTables, Sun May 28 21:30:24 EEST 2023
addUser, Sun May 28 21:30:24 EEST 2023
addUser, Sun May 28 21:30:24 EEST 2023
addDriver, Sun May 28 21:30:24 EEST 2023
addDriver, Sun May 28 21:30:24 EEST 2023
addFood, Sun May 28 21:30:24 EEST 2023
addDrink, Sun May 28 21:30:24 EEST 2023
addFood, Sun May 28 21:30:24 EEST 2023
addDrink, Sun May 28 21:30:24 EEST 2023
addRestaurant, Sun May 28 21:30:24 EEST 2023
addRestaurant, Sun May 28 21:30:24 EEST 2023
getUsers, Sun May 28 21:30:24 EEST 2023
addOrder, Sun May 28 21:30:24 EEST 2023
getUsers, Sun May 28 21:30:24 EEST 2023
addOrder, Sun May 28 21:30:24 EEST 2023
getOrders, Sun May 28 21:30:24 EEST 2023
getDrivers, Sun May 28 21:30:24 EEST 2023
addDelivery, Sun May 28 21:30:24 EEST 2023
getOrders, Sun May 28 21:30:24 EEST 2023
getDrivers, Sun May 28 21:30:24 EEST 2023
addDelivery, Sun May 28 21:30:24 EEST 2023
getUsers, Sun May 28 21:30:24 EEST 2023
getDrivers, Sun May 28 21:30:24 EEST 2023
getRestaurants, Sun May 28 21:30:24 EEST 2023
getOrders, Sun May 28 21:30:24 EEST 2023
getDeliveries, Sun May 28 21:30:24 EEST 2023
addLocation, Sun May 28 21:30:24 EEST 2023
getUsers, Sun May 28 21:30:24 EEST 2023
updateUserPhoneNumber, Sun May 28 21:30:24 EEST 2023
getDrivers, Sun May 28 21:30:24 EEST 2023
updateYearsOfExperience, Sun May 28 21:30:24 EEST 2023
getRestaurants, Sun May 28 21:30:24 EEST 2023
updateRestaurantName, Sun May 28 21:30:24 EEST 2023
getOrders, Sun May 28 21:30:24 EEST 2023
updateOrderLocation, Sun May 28 21:30:25 EEST 2023
getOrders, Sun May 28 21:30:25 EEST 2023
updateOrderTime, Sun May 28 21:30:25 EEST 2023
getDeliveries, Sun May 28 21:30:25 EEST 2023
updateDeliveryTime, Sun May 28 21:30:25 EEST 2023
printUsers, Sun May 28 21:30:25 EEST 2023
printDrivers, Sun May 28 21:30:25 EEST 2023
printRestaurants, Sun May 28 21:30:25 EEST 2023
printOrders, Sun May 28 21:30:25 EEST 2023
printDeliveries, Sun May 28 21:30:25 EEST 2023
printDeliveredOrders, Sun May 28 21:30:25 EEST 2023
timeDiff, Sun May 28 21:30:25 EEST 2023
orderCalories, Sun May 28 21:30:25 EEST 2023
orderPrice, Sun May 28 21:30:25 EEST 2023
mostReviews, Sun May 28 21:30:25 EEST 2023
getDeliveries, Sun May 28 21:30:25 EEST 2023
removeDelivery, Sun May 28 21:30:25 EEST 2023
getOrders, Sun May 28 21:30:25 EEST 2023
removeOrder, Sun May 28 21:30:25 EEST 2023
getRestaurants, Sun May 28 21:30:25 EEST 2023
removeRestaurant, Sun May 28 21:30:25 EEST 2023
getDrivers, Sun May 28 21:30:25 EEST 2023
removeDriver, Sun May 28 21:30:25 EEST 2023
getUsers, Sun May 28 21:30:25 EEST 2023
removeUser, Sun May 28 21:30:25 EEST 2023
dropTables, Sun May 28 21:30:25 EEST 2023
dropTables, Sun May 28 21:33:50 EEST 2023
createTables, Sun May 28 21:33:50 EEST 2023
addUser, Sun May 28 21:33:50 EEST 2023
addUser, Sun May 28 21:33:50 EEST 2023
addDriver, Sun May 28 21:33:50 EEST 2023
addDriver, Sun May 28 21:33:50 EEST 2023
addFood, Sun May 28 21:33:50 EEST 2023
addDrink, Sun May 28 21:33:50 EEST 2023
addFood, Sun May 28 21:33:50 EEST 2023
addDrink, Sun May 28 21:33:50 EEST 2023
addRestaurant, Sun May 28 21:33:50 EEST 2023
addRestaurant, Sun May 28 21:33:51 EEST 2023
getUsers, Sun May 28 21:33:51 EEST 2023
addOrder, Sun May 28 21:33:51 EEST 2023
getUsers, Sun May 28 21:33:51 EEST 2023
addOrder, Sun May 28 21:33:51 EEST 2023
getOrders, Sun May 28 21:33:51 EEST 2023
getDrivers, Sun May 28 21:33:51 EEST 2023
addDelivery, Sun May 28 21:33:51 EEST 2023
getOrders, Sun May 28 21:33:51 EEST 2023
getDrivers, Sun May 28 21:33:51 EEST 2023
addDelivery, Sun May 28 21:33:51 EEST 2023
getUsers, Sun May 28 21:33:51 EEST 2023
getDrivers, Sun May 28 21:33:51 EEST 2023
getRestaurants, Sun May 28 21:33:51 EEST 2023
getOrders, Sun May 28 21:33:51 EEST 2023
getDeliveries, Sun May 28 21:33:51 EEST 2023
addLocation, Sun May 28 21:33:51 EEST 2023
getUsers, Sun May 28 21:33:51 EEST 2023
updateUserPhoneNumber, Sun May 28 21:33:51 EEST 2023
getDrivers, Sun May 28 21:33:51 EEST 2023
updateYearsOfExperience, Sun May 28 21:33:51 EEST 2023
getRestaurants, Sun May 28 21:33:51 EEST 2023
updateRestaurantName, Sun May 28 21:33:51 EEST 2023
getOrders, Sun May 28 21:33:51 EEST 2023
updateOrderLocation, Sun May 28 21:33:51 EEST 2023
getOrders, Sun May 28 21:33:51 EEST 2023
updateOrderTime, Sun May 28 21:33:51 EEST 2023
getDeliveries, Sun May 28 21:33:51 EEST 2023
updateDeliveryTime, Sun May 28 21:33:51 EEST 2023
printUsers, Sun May 28 21:33:51 EEST 2023
printDrivers, Sun May 28 21:33:51 EEST 2023
printRestaurants, Sun May 28 21:33:51 EEST 2023
printOrders, Sun May 28 21:33:51 EEST 2023
printDeliveries, Sun May 28 21:33:51 EEST 2023
printDeliveredOrders, Sun May 28 21:33:51 EEST 2023
timeDiff, Sun May 28 21:33:51 EEST 2023
orderCalories, Sun May 28 21:33:51 EEST 2023
orderPrice, Sun May 28 21:33:51 EEST 2023
mostReviews, Sun May 28 21:33:51 EEST 2023
getDeliveries, Sun May 28 21:33:51 EEST 2023
removeDelivery, Sun May 28 21:33:51 EEST 2023
getOrders, Sun May 28 21:33:51 EEST 2023
removeOrder, Sun May 28 21:33:51 EEST 2023
getRestaurants, Sun May 28 21:33:51 EEST 2023
removeRestaurant, Sun May 28 21:33:51 EEST 2023
getDrivers, Sun May 28 21:33:51 EEST 2023
removeDriver, Sun May 28 21:33:51 EEST 2023
getUsers, Sun May 28 21:33:51 EEST 2023
removeUser, Sun May 28 21:33:51 EEST 2023
dropTables, Sun May 28 21:33:51 EEST 2023
